,0,1,2,3,4,5,6,7,8,9,average,v gene,j gene,sequence
0,0.7474325,0.74512786,0.73438346,0.76625395,0.7754926,0.7532457,0.7761769,0.7086823,0.7288659,0.7685596,0.7504221,TRBV4*01,TRBJ2-4*01,TGTGCCAGCAGCTTTAGTCAAAACACCTTGTACTTT
1,0.67844874,0.72178185,0.6949999,0.72320795,0.63596,0.72599363,0.7184009,0.66276747,0.6947657,0.6836236,0.693995,TRBV3*01,TRBJ2-7*01,TGTGCCAGCAGCCCGAGCTCCTATGAACAGTACTTC
2,0.2215763,0.24953958,0.25914803,0.26451394,0.29073805,0.24481077,0.34005725,0.31617847,0.2888043,0.26811716,0.27434838,TRBV15*01,TRBJ2-1*01,TGTGCCAGCAGTTTAGCCCTGGATAACTATGCTGAGCAGTTCTTC
3,0.7801947,0.79237354,0.728334,0.76535755,0.74020284,0.70907694,0.75004625,0.7687714,0.7468379,0.75937325,0.7540568,TRBV16*01,TRBJ2-7*01,TGTGCAAGCAGCTTAGACTATGAACAGTACTTC
4,0.74879175,0.75876796,0.7039042,0.78950423,0.7515168,0.6833567,0.7316609,0.7292719,0.739713,0.7305744,0.7367062,TRBV16*01,TRBJ2-5*01,TGTGCAAGCAGCTTAGAAGACACCCAGTACTTT
5,0.6604131,0.74387896,0.7116653,0.6501942,0.74087834,0.74212235,0.73438406,0.682226,0.62326336,0.62513304,0.6914159,TRBV16*01,TRBJ2-7*01,TGTGCAAGCAGCTTAGACTCCTATGAACAGTACTTC
6,0.67277527,0.7146053,0.66585356,0.7099206,0.6597716,0.72269386,0.7143247,0.66062367,0.68796706,0.68474466,0.6893281,TRBV3*01,TRBJ2-7*01,TGTGCCAGCAGCCCCAGCTCCTATGAACAGTACTTC
7,0.5062673,0.47569415,0.4220927,0.43509427,0.5905755,0.491705,0.4374862,0.45922893,0.4886563,0.48811433,0.47949153,TRBV4*01,TRBJ2-7*01,TGTGCCAGCAGCTCCTATGAACAGTACTTC
8,0.66809595,0.6548424,0.5626767,0.6385484,0.607781,0.6312657,0.63476413,0.65906644,0.60372627,0.6237195,0.62844867,TRBV14*01,TRBJ2-4*01,TGTGCCAGCAGTTTCAGTCAAAACACCTTGTACTTT
9,0.7571022,0.74492216,0.7261527,0.74904764,0.7247125,0.7248852,0.75624335,0.7144092,0.7404743,0.73555636,0.7373506,TRBV3*01,TRBJ2-4*01,TGTGCCAGCAGCTCTAGTCAAAACACCTTGTACTTT
10,0.5382784,0.4945528,0.50991637,0.4973467,0.5934365,0.54110897,0.6685364,0.45953616,0.54751587,0.5015135,0.5351742,TRBV4*01,TRBJ2-5*01,TGTGCCAGCAGCTTTAACCAAGACACCCAGTACTTT
11,0.681111,0.6724602,0.71278816,0.6821694,0.68821853,0.6461145,0.6879489,0.5654081,0.6446702,0.6989017,0.66797906,TRBV15*01,TRBJ2-3*01,TGTGCCAGCAGTTTTAGTGCAGAAACGCTGTATTTT
12,0.5321365,0.540731,0.57066196,0.53952605,0.6563718,0.5382344,0.5103971,0.5794361,0.56895596,0.5420772,0.5578528,TRBV12-2*01,TRBJ1-2*01,TGTGCCAGCTCTCTCGACTCCGACTACACCTTC
13,0.7681537,0.75724775,0.7141188,0.76243,0.7678008,0.7400833,0.75316185,0.71001893,0.77048814,0.786326,0.7529829,TRBV1*01,TRBJ2-4*01,TGCACCTGCAGTGCAGATCAAAACACCTTGTACTTT
14,0.58159006,0.5604088,0.58190244,0.6168132,0.6400659,0.56101054,0.59851134,0.59789705,0.66770476,0.6442138,0.60501176,TRBV14*01,TRBJ2-1*01,TGTGCCAGCAGCCGGGACTGGGGGTATGCTGAGCAGTTCTTC
15,0.7414258,0.71861076,0.7364287,0.75034463,0.75260025,0.751738,0.75374836,0.67269754,0.685561,0.7718064,0.7334961,TRBV4*01,TRBJ2-4*01,TGTGCCAGCAGCTATAGTCAAAACACCTTGTACTTT
16,0.6802416,0.67054576,0.6979142,0.6607413,0.6575377,0.6393998,0.6747273,0.55786514,0.6520327,0.6960765,0.6587082,TRBV15*01,TRBJ2-3*01,TGTGCCAGCAGTTTCAGTGCAGAAACGCTGTATTTT
17,0.7569752,0.73216,0.7321445,0.727294,0.79671085,0.7301686,0.77721626,0.74147195,0.75643134,0.74755967,0.7498132,TRBV16*01,TRBJ2-4*01,TGTGCAAGCAGCTTTAGTCAAAACACCTTGTACTTT
18,0.68691784,0.6338957,0.66974,0.64485717,0.6499717,0.5809778,0.62706745,0.6473481,0.6153595,0.59033626,0.63464713,TRBV15*01,TRBJ2-2*01,TGTGCCAGCAGTTTAAACACCGGGCAGCTCTACTTT
19,0.7019077,0.6565206,0.68702435,0.68830544,0.7262384,0.6978409,0.67071116,0.694419,0.6693754,0.69457203,0.6886915,TRBV24*01,TRBJ2-1*01,TGTGCCAGCAGTCGGGACAACTATGCTGAGCAGTTCTTC
20,0.6672307,0.53556734,0.59823656,0.6260174,0.5391523,0.50673544,0.53969514,0.61513424,0.57852095,0.50935656,0.5715646,TRBV15*01,TRBJ2-2*01,TGTGCCAGCAGTTCAAACACCGGGCAGCTCTACTTT
21,0.60008377,0.60443413,0.5914087,0.5834951,0.6508673,0.6028829,0.64772356,0.6224606,0.5408213,0.59635776,0.60405356,TRBV5*01,TRBJ1-3*01,TGTGCCAGCAGCCAAGACAGTTCTGGAAATACGCTCTATTTT
22,0.6620927,0.6823196,0.6624462,0.65982693,0.615128,0.6437133,0.7046572,0.69272226,0.6267851,0.6024327,0.65521246,TRBV15*01,TRBJ2-1*01,TGTGCCAGCAGTCGGGACAGCTATGCTGAGCAGTTCTTC
23,0.7237626,0.7113538,0.6830285,0.7432137,0.73312736,0.74326634,0.7053624,0.7400446,0.7461387,0.7215719,0.725087,TRBV5*01,TRBJ2-5*01,TGTGCCAGCAGCCAAGACTGGGGGCAAGACACCCAGTACTTT
24,0.75521475,0.7833055,0.7398552,0.75663805,0.75958735,0.6959968,0.7611608,0.77034533,0.73778903,0.73845744,0.749835,TRBV16*01,TRBJ2-7*01,TGTGCAAGCAGCTTAGATTATGAACAGTACTTC
25,0.7514585,0.72046274,0.74156404,0.7648131,0.7417825,0.73321646,0.74539965,0.743481,0.71790123,0.74668163,0.74067605,TRBV15*01,TRBJ2-3*01,TGTGCCAGCAGTAGTGCAGAAACGCTGTATTTT
26,0.5502649,0.525815,0.5776526,0.6660936,0.5976585,0.5342142,0.62232435,0.6163834,0.5365985,0.59694326,0.5823949,TRBV15*01,TRBJ1-1*01,TGTGCCAGCAGTCCGGGACAGAACACAGAAGTCTTCTTT
27,0.38644114,0.40865114,0.40846008,0.5104927,0.52018046,0.48947358,0.53526616,0.5007242,0.5638616,0.47946945,0.48030204,TRBV4*01,TRBJ1-3*01,TGTGCCAGCAGCTTGACAGATTCTGGAAATACGCTCTATTTT
28,0.68142945,0.66312164,0.66952276,0.6825637,0.633017,0.64629674,0.66291386,0.60296774,0.5438099,0.60245824,0.63881004,TRBV15*01,TRBJ2-4*01,TGTGCCAGCAGTTTTAGTCAAAACACCTTGTACTTT
29,0.65104884,0.6233903,0.66961485,0.6351359,0.69051766,0.62025154,0.60249007,0.6400997,0.64184004,0.5505749,0.63249636,TRBV2*01,TRBJ2-7*01,TGTGCCAGCAGCCACTCCTATGAACAGTACTTC
30,0.7390375,0.71173596,0.7473294,0.7210766,0.74392986,0.72662425,0.730262,0.72712487,0.79571855,0.67042327,0.7313262,TRBV3*01,TRBJ2-7*01,TGTGCCAGCAGCTTCTCCTATGAACAGTACTTC
31,0.5540371,0.56742775,0.60523397,0.60630363,0.5741097,0.60464096,0.64545184,0.55883956,0.6193061,0.66981673,0.6005167,TRBV19*01,TRBJ1-1*01,TGTGCCAGCAGTCCGGGACAAAACACAGAAGTCTTCTTT
32,0.49535474,0.44348148,0.39854404,0.43524653,0.4274563,0.49673414,0.47646037,0.5217433,0.55254346,0.5275723,0.47751364,TRBV14*01,TRBJ2-4*01,TGTGCCAGCAGTCCTAGTCAAAACACCTTGTACTTT
33,0.8102433,0.78637075,0.8100154,0.78836995,0.79050386,0.7510083,0.7580004,0.7613807,0.7767243,0.76597106,0.7798588,TRBV3*01,TRBJ2-2*01,TGTGCCAGCAGCTTAAACACCGGGCAGCTCTACTTT
34,0.7953886,0.7702862,0.7565088,0.7699135,0.8119234,0.7887732,0.8022117,0.74018484,0.78735673,0.7667691,0.7789316,TRBV16*01,TRBJ2-3*01,TGTGCAAGCAGCTTTAGTGCAGAAACGCTGTATTTT
35,0.66016674,0.6408584,0.71036166,0.7252782,0.65152293,0.708831,0.70635223,0.66182584,0.6868931,0.6970499,0.684914,TRBV19*01,TRBJ2-3*01,TGTGCCAGCAGTCGGGACAGTGCAGAAACGCTGTATTTT
36,0.7414216,0.6872463,0.7246121,0.7279233,0.71656084,0.68881905,0.7305361,0.596817,0.69179386,0.7312133,0.70369434,TRBV15*01,TRBJ2-3*01,TGTGCCAGCAGCTTTAGTGCAGAAACGCTGTATTTT
37,0.70416284,0.75311387,0.7139106,0.7186318,0.7143373,0.66171795,0.7147201,0.7093825,0.70371145,0.7070952,0.71007836,TRBV16*01,TRBJ2-4*01,TGTGCAAGCAGCTTAGACAGTCAAAACACCTTGTACTTT
38,0.7528885,0.7360046,0.7613051,0.7531951,0.7712587,0.73059255,0.74588126,0.74441636,0.71564794,0.7500051,0.74611956,TRBV16*01,TRBJ2-1*01,TGTGCAAGCAGCTTAGATGCTGAGCAGTTCTTC
39,0.7823056,0.79938906,0.78614116,0.80033976,0.81050414,0.7953991,0.80222875,0.7576888,0.80248153,0.8148071,0.79512846,TRBV3*01,TRBJ2-3*01,TGTGCCAGCAGCTTCAGTGCAGAAACGCTGTATTTT
40,0.6994969,0.68467194,0.7000778,0.76710546,0.7259259,0.72578555,0.7119234,0.7542954,0.70247406,0.78083825,0.7252595,TRBV16*01,TRBJ1-1*01,TGTGCAAGCAGCTTAGAGGGGAACACAGAAGTCTTCTTT
41,0.6514189,0.6363134,0.6659701,0.67487335,0.7527719,0.66103363,0.69731224,0.6759125,0.6593843,0.6817932,0.6756784,TRBV5*01,TRBJ2-7*01,TGTGCCAGCAGCCGGGACAGCTCCTATGAACAGTACTTC
42,0.5740317,0.6818737,0.56068325,0.6211532,0.6263674,0.5715334,0.61257386,0.64286464,0.5446026,0.55820596,0.59938896,TRBV15*01,TRBJ2-7*01,TGTGCCAGCAGTTTAGGGGGGAGCTCCTATGAACAGTACTTC
43,0.8134783,0.76866746,0.8066006,0.8122908,0.78356063,0.81058663,0.8093551,0.76713955,0.7868057,0.8035328,0.7962017,TRBV1*01,TRBJ2-4*01,TGCACCTGCAGTGCAGAAAACACCTTGTACTTT
44,0.6570955,0.526823,0.6114299,0.5626635,0.5725169,0.57706976,0.6778243,0.59713334,0.56972516,0.67507106,0.6027353,TRBV1*01,TRBJ1-3*01,TGCACCTGCAGTGCAGACAATTCTGGAAATACGCTCTATTTT
45,0.7664445,0.7929972,0.7688086,0.7962546,0.7562551,0.7708527,0.78881586,0.7804173,0.7603565,0.789133,0.77703357,TRBV3*01,TRBJ2-4*01,TGTGCCAGCAGCCTTAGTCAAAACACCTTGTACTTT
46,0.70796436,0.71045697,0.7108884,0.6819813,0.6860313,0.70767623,0.7021112,0.6366984,0.6299761,0.69118345,0.6864968,TRBV19*01,TRBJ2-3*01,TGTGCCAGCAGCTCTAGTGCAGAAACGCTGTATTTT
47,0.6925533,0.73319197,0.6805729,0.72072065,0.6629546,0.7274047,0.7151464,0.6536075,0.72159356,0.71595174,0.70236975,TRBV3*01,TRBJ2-7*01,TGTGCCAGCAGCCCTAGCTCCTATGAACAGTACTTC
48,0.5332935,0.4908812,0.45507756,0.5322682,0.5060472,0.48918614,0.5394084,0.5188297,0.48501897,0.5178119,0.50678223,TRBV14*01,TRBJ2-4*01,TGTGCCAGCAGTCGGGACTGGGGGAGTCAAAACACCTTGTACTTT
49,0.66104186,0.6892713,0.66663086,0.7038983,0.6617272,0.66007215,0.66395116,0.70689243,0.67037493,0.6697993,0.675366,TRBV15*01,TRBJ1-1*01,TGTGCCAGCAGCCGACAGAACACAGAAGTCTTCTTT
50,0.7707751,0.78155607,0.75744814,0.78135407,0.78747296,0.77688926,0.7787873,0.7456314,0.8178899,0.7774986,0.7775303,TRBV3*01,TRBJ2-5*01,TGTGCCAGCAGCTTAGACCAAGACACCCAGTACTTT
51,0.5402272,0.5875915,0.4945362,0.547756,0.5428399,0.57236224,0.5484007,0.6160247,0.52295446,0.5713569,0.554405,TRBV14*01,TRBJ1-1*01,TGTGCCAGCAGTTTAGGGGCAAACACAGAAGTCTTCTTT
52,0.71528614,0.7113572,0.741286,0.7361722,0.68822616,0.73456085,0.714348,0.6730326,0.7316656,0.7345336,0.71804684,TRBV19*01,TRBJ2-3*01,TGTGCCAGCAGTATAAGTGCAGAAACGCTGTATTTT
53,0.7734623,0.76163757,0.74029934,0.77536654,0.7297421,0.7199263,0.7578924,0.7284755,0.7550623,0.7602262,0.75020903,TRBV1*01,TRBJ1-3*01,TGCACCTGCAGTGCAGATTCTGGAAATACGCTCTATTTT
54,0.44752675,0.5229957,0.5207915,0.60553354,0.50435024,0.5521855,0.4123999,0.6178517,0.51424015,0.54880655,0.52466816,TRBV15*01,TRBJ1-1*01,TGTGCCAGCAGTGGGACAGCAAACACAGAAGTCTTCTTT
55,0.72604597,0.7350116,0.7489744,0.74910384,0.69377786,0.7915831,0.7388315,0.7112723,0.7395101,0.73787105,0.73719823,TRBV1*01,TRBJ1-1*01,TGCACCTGCAGTGGGACAGCAAACACAGAAGTCTTCTTT
56,0.76807034,0.7459576,0.7419089,0.7801937,0.7668001,0.74173665,0.76823,0.7778943,0.7547296,0.7704662,0.76159877,TRBV5*01,TRBJ2-7*01,TGTGCCAGCAGCCAAGACTGGGGGTATGAACAGTACTTC
57,0.70514756,0.6813854,0.6904408,0.65955335,0.7089388,0.6859829,0.6671903,0.6711595,0.70604944,0.67947185,0.68553203,TRBV26*01,TRBJ2-1*01,TGTGCCAGCAGCCGGGACAACTATGCTGAGCAGTTCTTC
58,0.7980054,0.81490576,0.77095664,0.8033703,0.8188624,0.79435945,0.8108832,0.8017936,0.8254787,0.8215547,0.80601704,TRBV1*01,TRBJ2-4*01,TGCACCTGCAGTGCTAGTCAAAACACCTTGTACTTT
59,0.7545563,0.7374895,0.7325147,0.7381667,0.76106656,0.7673064,0.7724395,0.75176775,0.74957925,0.7476016,0.75124884,TRBV16*01,TRBJ2-3*01,TGTGCAAGCAGCTCTAGTGCAGAAACGCTGTATTTT
60,0.57906497,0.5931183,0.6178653,0.5689804,0.58076733,0.61394835,0.60264295,0.611125,0.64275265,0.6543972,0.60646623,TRBV2*01,TRBJ2-7*01,TGTGCCAGCAGCCAAGACTGGGGGAGCTCCTATGAACAGTACTTC
61,0.3956274,0.48311588,0.50802404,0.61593497,0.509407,0.49232352,0.5377053,0.54912084,0.4711372,0.55994606,0.5122342,TRBV4*01,TRBJ1-1*01,TGTGCCAGCAGCCCGGGACAGAACACAGAAGTCTTCTTT
62,0.39701763,0.42789733,0.40763423,0.46600825,0.47507775,0.40875676,0.4741364,0.4633071,0.38332948,0.5151084,0.44182736,TRBV14*01,TRBJ2-7*01,TGTGCCAGCAGCCGGGACAACTATGAACAGTACTTC
63,0.7095243,0.69906354,0.7205094,0.68954015,0.7577148,0.7112297,0.741082,0.66770244,0.7290916,0.7252159,0.7150674,TRBV5*01,TRBJ2-1*01,TGTGCCAGCAGCCGGGACAGCTATGCTGAGCAGTTCTTC
64,0.4874884,0.45189732,0.41750094,0.43143526,0.49244902,0.47956073,0.5030309,0.50047606,0.46219,0.5324821,0.47585112,TRBV14*01,TRBJ2-7*01,TGTGCCAGCAGTCGGGACAGCTCCTATGAACAGTACTTC
65,0.7379862,0.6143373,0.6412717,0.66281587,0.7152992,0.70794535,0.6256688,0.67045474,0.6595622,0.72205794,0.6757399,TRBV16*01,TRBJ1-1*01,TGTGCAAGCAGCTTAGAAAACACAGAAGTCTTCTTT
66,0.7141198,0.658892,0.698982,0.72500074,0.7293875,0.6800595,0.7309419,0.6573351,0.7187579,0.6290411,0.69425184,TRBV16*01,TRBJ2-2*01,TGTGCAAGCAGCTCAAACACCGGGCAGCTCTACTTT
67,0.68407583,0.67391306,0.7042901,0.7061516,0.721986,0.6293199,0.6686325,0.70289207,0.69450444,0.7057114,0.68914765,TRBV3*01,TRBJ1-1*01,TGTGCCAGCAGCCCGGGACAAAACACAGAAGTCTTCTTT
68,0.55290616,0.56892806,0.5516618,0.5437767,0.5986724,0.55890596,0.5512127,0.61282176,0.55846304,0.57569444,0.5673043,TRBV5*01,TRBJ2-4*01,TGTGCCAGCAGCCCTAGTCAAAACACCTTGTACTTT
69,0.45392296,0.4078996,0.44187686,0.4296325,0.43153676,0.4183741,0.4230783,0.40971035,0.44942427,0.5818546,0.44473106,TRBV14*01,TRBJ2-3*01,TGTGCCAGCAGCCGGGACAGGGCAGAAACGCTGTATTTT
70,0.4813476,0.53065646,0.48738888,0.554476,0.6010641,0.62662435,0.54428667,0.5930725,0.49222395,0.6597827,0.5570923,TRBV14*01,TRBJ2-1*01,TGTGCCAGCAGGGACAGAAACTATGCTGAGCAGTTCTTC
71,0.70817626,0.7566966,0.75624186,0.82144415,0.7555978,0.76072776,0.78570956,0.8083181,0.81840223,0.79089546,0.776221,TRBV15*01,TRBJ1-1*01,TGTGCCAGCAGTTTACAGGCAAACACAGAAGTCTTCTTT
72,0.6208367,0.64280283,0.68615216,0.6005135,0.57497823,0.5798668,0.6745978,0.59528625,0.56745017,0.6297073,0.61721915,TRBV15*01,TRBJ2-3*01,TGTGCCAGCAGTTCTAGTGCAGAAACGCTGTATTTT
73,0.6174717,0.5837656,0.5316324,0.5609893,0.6090788,0.4950583,0.56957126,0.48544848,0.6761762,0.56238854,0.569158,TRBV15*01,TRBJ2-3*01,TGTGCCAGCAGTTTAAACAGTGCAGAAACGCTGTATTTT
74,0.69035834,0.7028543,0.68146944,0.6021251,0.62265337,0.72329676,0.63701385,0.67891556,0.75317496,0.6618403,0.6753702,TRBV2*01,TRBJ1-1*01,TGTGCCAGCAGCCAAGGGACAGCAAACACAGAAGTCTTCTTT
75,0.56515944,0.5758134,0.5562249,0.590028,0.5608312,0.5551645,0.5628551,0.5668885,0.55796725,0.6114818,0.57024133,TRBV12-2*01,TRBJ2-4*01,TGTGCCAGCTCTCTCGGGACAGAAAACACCTTGTACTTT
76,0.69944894,0.6730353,0.7025669,0.7060062,0.6737063,0.7020612,0.70978653,0.7275468,0.751299,0.7448573,0.70903146,TRBV5*01,TRBJ2-1*01,TGTGCCAGCAGCCAAGACTGGGGGGGCTATGCTGAGCAGTTCTTC
77,0.81710255,0.801633,0.8217017,0.8281302,0.77634656,0.8102705,0.8102747,0.80691826,0.8285431,0.83310574,0.81340265,TRBV3*01,TRBJ2-1*01,TGTGCCAGCAGCTTAGATGCTGAGCAGTTCTTC
78,0.6960914,0.7412009,0.7457419,0.80488724,0.7533266,0.7515279,0.75602174,0.78713495,0.7955084,0.7775804,0.7609021,TRBV15*01,TRBJ1-1*01,TGTGCCAGCAGTTTACAGGGAAACACAGAAGTCTTCTTT
79,0.72252893,0.71126515,0.67602396,0.69305754,0.70875233,0.6526144,0.69717944,0.72873694,0.6789711,0.6946001,0.696373,TRBV15*01,TRBJ1-1*01,TGTGCCAGCAGTTTAGGAAACACAGAAGTCTTCTTT
80,0.58758974,0.64802396,0.6426283,0.5652767,0.6044435,0.6827004,0.63701093,0.6134451,0.580836,0.63726085,0.61992157,TRBV4*01,TRBJ2-7*01,TGTGCCAGCAGCCTCTCCTATGAACAGTACTTC
81,0.7851897,0.7342195,0.7664255,0.6983088,0.762564,0.672469,0.77730477,0.7418325,0.7641186,0.75411785,0.745655,TRBV2*01,TRBJ2-3*01,TGTGCCAGCAGCCGGGACAGTGCAGAAACGCTGTATTTT
82,0.66274315,0.70095074,0.683508,0.7001509,0.7096483,0.6695008,0.74022675,0.6633223,0.7018537,0.7114164,0.6943321,TRBV19*01,TRBJ1-3*01,TGTGCCAGCAGTATAGACAATTCTGGAAATACGCTCTATTTT
83,0.7478589,0.7493765,0.72215,0.74560475,0.7460915,0.7138255,0.72826236,0.70369124,0.7032859,0.6799372,0.72400844,TRBV15*01,TRBJ2-4*01,TGTGCCAGCAGTTTGGACAAAAACACCTTGTACTTT
84,0.6468026,0.69168335,0.6543667,0.672764,0.6897327,0.65922636,0.5914979,0.6216712,0.62449354,0.65443987,0.6506678,TRBV15*01,TRBJ1-1*01,TGTGCCAGCAGTCGGGACACAGAAGTCTTCTTT
85,0.68255913,0.6213919,0.5773492,0.65982777,0.6231609,0.5876109,0.56590694,0.59313107,0.64422315,0.6413566,0.61965173,TRBV12-2*01,TRBJ2-4*01,TGTGCCAGCTCTCTCGAGAGTCAAAACACCTTGTACTTT
86,0.6750931,0.70014596,0.68320817,0.6693607,0.72936255,0.7164376,0.7330128,0.6596142,0.7115214,0.72903794,0.7006794,TRBV5*01,TRBJ2-4*01,TGTGCCAGCAGCCAAGACAGTCAAAACACCTTGTACTTT
87,0.60555476,0.54626197,0.5612897,0.6602562,0.70838666,0.6573029,0.6048146,0.6316588,0.5757571,0.6776706,0.6228953,TRBV14*01,TRBJ2-1*01,TGTGCCAGCAGTTTCCAGAACTATGCTGAGCAGTTCTTC
88,0.6677579,0.61513925,0.6447925,0.7112195,0.6334606,0.6567581,0.66821814,0.6959294,0.6663531,0.67393464,0.66335636,TRBV3*01,TRBJ2-1*01,TGTGCCAGCAGCCGGGACTGGGGGAACTATGCTGAGCAGTTCTTC
89,0.40449247,0.39928618,0.305555,0.3682976,0.38063273,0.3953192,0.37955204,0.4930882,0.53196806,0.38001275,0.40382043,TRBV15*01,TRBJ1-1*01,TGTGCCAGCAGGGACAATGCAAACACAGAAGTCTTCTTT
90,0.6473076,0.6512839,0.6991109,0.65337056,0.6323104,0.6115825,0.6803713,0.6492762,0.61441225,0.67997414,0.65189993,TRBV15*01,TRBJ2-3*01,TGTGCCAGCAGTCCTAGTGCAGAAACGCTGTATTTT
91,0.60321826,0.56651485,0.61298037,0.5496068,0.5617091,0.55677205,0.5748112,0.53439784,0.527036,0.5870318,0.56740785,TRBV12-2*01,TRBJ2-3*01,TGTGCCAGCTCTCTCAGTGCAGAAACGCTGTATTTT
92,0.7056965,0.66025436,0.6382329,0.67309904,0.62963563,0.68468493,0.6829348,0.67807585,0.6824606,0.6718621,0.6706937,TRBV19*01,TRBJ2-5*01,TGTGCCAGCAGTCTTAACCAAGACACCCAGTACTTT
93,0.7109919,0.72916394,0.7131299,0.83259475,0.7083994,0.75163853,0.68168986,0.73770356,0.7402729,0.7479046,0.73534894,TRBV15*01,TRBJ1-1*01,TGTGCCAGCAGCCGACAGGGGAACACAGAAGTCTTCTTT
94,0.5213558,0.42271918,0.42873368,0.43313137,0.4071845,0.36384016,0.4822163,0.49966812,0.45803797,0.40467665,0.44215637,TRBV15*01,TRBJ2-4*01,TGTGCCAGCAGGGGTCAAAACACCTTGTACTTT
95,0.8196646,0.80954665,0.7934544,0.8110123,0.8232597,0.82997215,0.8231647,0.8117752,0.83155733,0.81619483,0.81696016,TRBV1*01,TRBJ2-3*01,TGCACCTGCAGTGCTAGTGCAGAAACGCTGTATTTT
96,0.6934765,0.70738107,0.68153745,0.7238451,0.7110464,0.7388469,0.70329255,0.69961137,0.7284053,0.6701311,0.7057574,TRBV26*01,TRBJ2-1*01,TGTGCCAGCAGTCGACAGTATGCTGAGCAGTTCTTC
97,0.6637214,0.6475538,0.6425083,0.66376024,0.6680787,0.7283175,0.73865634,0.64301914,0.6981218,0.69129765,0.6785035,TRBV24*01,TRBJ1-1*01,TGTGCCAGCAGTCGGGACAGAAACACAGAAGTCTTCTTT
98,0.348106,0.2618711,0.31341073,0.31680596,0.23474047,0.2667969,0.27684754,0.3115164,0.2543987,0.35371864,0.29382125,TRBV14*01,TRBJ2-3*01,TGTGCCAGCAGCCACCCGGGACATAGTGCAGAAACGCTGTATTTT
99,0.7216069,0.763086,0.7558239,0.8208713,0.76141584,0.7730641,0.78349996,0.80851066,0.81127733,0.78929996,0.7788456,TRBV15*01,TRBJ1-1*01,TGTGCCAGCAGTTTACAAGCAAACACAGAAGTCTTCTTT
